ID;Wahlbeteil;displayValue
09101;0,860357256;0,744194736
09102;0,867829314;0,757882464
09103;0,856479593;0,737091420
09104;0,885469572;0,790196859
09105;0,84447354;0,715098071
09106;0,881367818;0,782683040
09107;0,831469896;0,691277281
09108;0,878349936;0,777154718
09109;0,858469096;0,740735901
09110;0,812560496;0,656638001
09111;0,808363726;0,648950127
09112;0,883583473;0,786741799
09113;0,907977071;0,831427334
09114;0,811948388;0,655516708
09115;0,73597275;0,516340353
09116;0,768459919;0,575852137
09117;0,772011711;0,582358505
09118;0,726323387;0,498664119
09119;0,815177423;0,661431832
09120;0,803381452;0,639823323
09121;0,809779077;0,651542845
09122;0,847369006;0,720402145
09123;0,757720841;0,556179703
09124;0,727911311;0,501572965
09125;0,82382565;0,677274130
09126;0,819978471;0,670226656
09127;0,799972796;0,633579159
09128;0,820525503;0,671228739
09129;0,818942748;0,668329361
09130;0,86000692;0,743552972
09131;0,807120241;0,646672243
09132;0,842179974;0,710896591
09133;0,872493573;0,766426710
09134;0,841560419;0,709761656
09135;0,71559633;0,479013705
09136;0,811786182;0,655219570
09137;0,750393898;0,542757806
09138;0,710875332;0,470365521
09139;0,843053563;0,712496879
09140;0,806487453;0,645513067
09141;0,831046431;0,690501554
09142;0,717192262;0,481937222
09143;0,775560776;0,588859878
09201;0,865004049;0,752706988
09202;0,82420603;0,677970931
09203;0,807516045;0,647397298
09204;0,836013851;0,699601147
09205;0,815436889;0,661907136
09206;0,772609819;0,583454152
09207;0,824418605;0,678360338
09208;0,786696277;0,609258501
09209;0,814382844;0,659976278
09210;0,821561438;0,673126422
09211;0,899492767;0,815885319
09212;0,839344411;0,705702251
09213;0,807709806;0,647752240
09214;0,806179788;0,644949469
09215;0,854673423;0,733782778
09216;0,86087247;0,745138534
09217;0,841922542;0,710425013
09218;0,792839032;0,620511138
09219;0,701583749;0,453344688
09220;0,746402242;0,535445670
09221;0,790757158;0,616697447
09222;0,754197282;0,549725054
09223;0,835696885;0,699020512
09224;0,802058818;0,637400449
09225;0,793717743;0,622120809
09226;0,830174778;0,688904812
09227;0,752569017;0,546742308
09228;0,796529477;0,627271498
09229;0,752743929;0,547062722
09230;0,801462533;0,636308142
09231;0,806984024;0,646422713
09232;0,759705158;0,559814684
09233;0,776583682;0,590733693
09234;0,806327259;0,645219614
09235;0,81373442;0,658788460
09236;0,792756333;0,620359645
09237;0,839741769;0,706430153
09238;0,704686787;0,459029004
09239;0,903252149;0,822771962
09240;0,766574651;0,572398599
09241;0,745155039;0,533160975
09301;0,866201454;0,754900460
09302;0,811202499;0,654150347
09303;0,787842402;0,611358036
09304;0,838886655;0,704863708
09305;0,848487894;0,722451786
09306;0,805317918;0,643370648
09307;0,789106866;0,613674351
09308;0,800190366;0,633977716
09309;0,80943508;0,650912692
09310;0,804155917;0,641242031
09311;0,75694818;0,554764300
09312;0,818878204;0,668211126
09313;0,775583598;0,588901684
09314;0,752245239;0,546149194
09315;0,865711932;0,754003727
09316;0,856054896;0,736313437
09317;0,766713511;0,572652971
09318;0,874273201;0,769686730
09319;0,853670487;0,731945545
09320;0,818978478;0,668394814
09321;0,847689021;0,720988366
09322;0,859545214;0,742707193
09323;0,871280626;0,764204767
09324;0,884095547;0,787679844
09325;0,899087588;0,815143090
09326;0,864063836;0,750984654
09327;0,845961125;0,717823111
09328;0,875781376;0,772449488
09329;0,820158027;0,670555576
09330;0,737866385;0,519809218
09331;0,721845073;0,490460497
09332;0,681927761;0,417337768
09333;0,79294474;0,620704780
09334;0,804121721;0,641179389
09335;0,843977712;0,714189786
09336;0,843629344;0,713551627
09337;0,864787909;0,752311050
09338;0,680159805;0,414099129
09339;0,568941262;0,210362881
09340;0,601062139;0,269203671
09341;0,743565166;0,530248558
09401;0,839531712;0,706045359
09402;0,857694504;0,739316961
09403;0,862902417;0,748857102
09404;0,855850214;0,735938489
09405;0,869245725;0,760477123
09406;0,87603316;0,772910720
09407;0,872222529;0,765930197
09408;0,87029703;0,762402961
09409;0,909741439;0,834659401
09410;0,86793045;0,758067730
09411;0,892368306;0,802834340
09412;0,900187899;0,817158700
09413;0,90594218;0,827699709
09414;0,870770634;0,763270535
09415;0,864009708;0,750885499
09416;0,879957788;0,780100070
09417;0,823385261;0,676467401
09418;0,867708732;0,757661575
09419;0,781529994;0,599794620
09420;0,709487734;0,467823643
09421;0,823763538;0,677160350
09422;0,747024793;0,536586094
09423;0,791048052;0,617230322
09424;0,756845968;0,554577062
09425;0,780031638;0,597049849
09426;0,74076659;0,525121973
09427;0,773537034;0,585152676
09428;0,861406491;0,746116783
09429;0,859259321;0,742183479
09430;0,84492117;0,715918065
09431;0,822126791;0,674162067
09432;0,806878196;0,646228851
09433;0,856284921;0,736734809
09434;0,85861356;0,741000538
09435;0,852619278;0,730019882
09436;0,854599051;0,733646540
09437;0,782123118;0,600881137
09438;0,860957998;0,745295209
09439;0,832988264;0,694058711
09440;0,656940701;0,371565096
09501;0,836134588;0,699822320
09502;0,781641599;0,599999064
09503;0,805450907;0,643614265
09504;0,744667738;0,532268311
09505;0,761520774;0,563140629
09506;0,790763472;0,616709013
09507;0,835018777;0,697778316
09508;0,822326537;0,674527972
09509;0,751924772;0,545562145
09510;0,808786261;0,649724150
09511;0,812550313;0,656619347
09512;0,745998248;0,534705612
09513;0,810896886;0,653590509
09514;0,707856964;0,464836309
09515;0,768838244;0,576545174
09516;0,859747153;0,743077116
09517;0,807623184;0,647593561
09518;0,888595186;0,795922531
09519;0,867860289;0,757939205
09520;0,727019499;0,499939295
09521;0,812615742;0,656739204
09522;0,824600938;0,678694345
09523;0,761156654;0,562473614
09524;0,851864388;0,728637033
09525;0,891449515;0,801151248
09526;0,837403675;0,702147104
09527;0,874140421;0,769443497
09528;0,854999702;0,734380474
09529;0,870493331;0,762762556
09530;0,883594263;0,786761565
09531;0,870835967;0,763390216
09532;0,775906736;0,589493626
09533;0,738888075;0,521680806
09601;0,898052807;0,813247521
09602;0,845877753;0,717670386
09603;0,905937159;0,827690511
09604;0,822472343;0,674795068
09605;0,802797618;0,638753824
09606;0,811077175;0,653920772
09607;0,802804004;0,638765522
09608;0,863718458;0,750351971
09609;0,808816674;0,649779862
09610;0,846737806;0,719245878
09611;0,87469618;0,770461567
09612;0,903353818;0,822958205
09613;0,847787553;0,721168863
09614;0,837115731;0,701619632
09615;0,797652008;0,629327812
09616;0,897207407;0,811698871
09617;0,849770106;0,724800612
09618;0,884451019;0,788331017
09619;0,852651869;0,730079584
09620;0,860683427;0,744792234
09621;0,805455352;0,643622407
09622;0,901639553;0,819817920
09623;0,872187958;0,765866867
09624;0,851587525;0,728129861
09625;0,8929607;0,803919519
09626;0,882576878;0,784897863
09627;0,689095319;0,430467695
09628;0,88942572;0,797443949
09629;0,852565786;0,729921893
09630;0,884171908;0,787819727
09631;0,892633944;0,803320950
09632;0,887554468;0,794016086
09633;0,858657451;0,741080940
09634;0,803468334;0,639982478
09635;0,874607504;0,770299125
09636;0,875571445;0,772064925
01101;0,68549903;0,423879815
01104;0,856031516;0,736270608
01107;0,817642519;0,665947530
01106;0,874959374;0,770943700
01110;0,884933457;0,789214774
01109;0,871759657;0,765082282
01108;0,874633517;0,770346777
01126;0,849123381;0,723615906
01129;0,816916625;0,664617798
01112;0,890453861;0,799327354
01127;0,857014806;0,738071853
01114;0,883235721;0,786104768
01128;0,852233421;0,729313048
01115;0,890533893;0,799473961
01116;0,876114181;0,773059139
01119;0,885082589;0,789487962
01120;0,869267925;0,760517790
01118;0,896762873;0,810884549
01124;0,866569495;0,755574658
01105;0,846749755;0,719267767
01200;0,798415724;0,630726829
01201;0,792949495;0,620713490
01203;0,804737039;0,642306562
01214;0,811078449;0,653923106
01215;0,831677574;0,691657717
01204;0,770101026;0,578858407
01205;0,769324622;0,577436148
01206;0,81613751;0,663190572
01207;0,873338975;0,767975364
01208;0,864740969;0,752225063
01209;0,829973641;0,688536358
01211;0,816771735;0,664352380
01210;0,854615502;0,733676675
01212;0,776219887;0,590067274
01213;0,828624424;0,686064788
01225;0,837143633;0,701670744
01222;0,741293854;0,526087844
01224;0,771973749;0,582288964
01223;0,7498;0,541669871
01221;0,795579702;0,625531648
01219;0,86207578;0,747342823
01220;0,786769173;0,609392036
01217;0,885657586;0,790541273
01218;0,79507249;0,624602509
01227;0,821292776;0,672634272
01228;0,822029282;0,673983444
01230;0,827170327;0,683401093
01226;0,850331387;0,725828798
01229;0,833946456;0,695813980
01300;0,773606263;0,585279493
01303;0,767014546;0,573204423
01304;0,748888803;0,540000690
01305;0,846184593;0,718232472
01316;0,851073517;0,727188272
01306;0,860754495;0,744922421
01317;0,848842748;0,723101827
01307;0,87081856;0,763358329
01308;0,886422999;0,791943399
01309;0,841240122;0,709174918
01310;0,860542824;0,744534670
01311;0,816342812;0,663566656
01312;0,847436739;0,720526222
01313;0,808082308;0,648434610
01314;0,78736674;0,610486692
01315;0,725627034;0,497388501
01318;0,816886851;0,664563256
01319;0,840401912;0,707639439
01321;0,809404766;0,650857161
01320;0,919240513;0,852060327
01323;0,797147029;0,628402764
01324;0,752243833;0,546146618
01322;0,819699562;0,669715735
01325;0,779484211;0,596047042
01326;0,730236819;0,505832959
01327;0,773999857;0,586000500
01330;0,820678086;0,671508249
01401;0,770833178;0,580199604
01402;0,718816325;0,484912269
01403;0,796592286;0,627386555
01405;0,751788273;0,545312098
01406;0,739749819;0,523259396
01407;0,768320219;0,575596227
01408;0,799359838;0,632456309
01409;0,823523558;0,676720741
01411;0,820304725;0,670824306
01410;0,85155415;0,728068722
01412;0,803108514;0,639323340
01413;0,837640989;0,702581828
01414;0,783556625;0,603507114
01404;0,811309885;0,654347063
01416;0,783974026;0,604271732
01415;0,766329436;0,571949401
01419;0,718551269;0,484426725
01418;0,790725999;0,616640368
01421;0,798794939;0,631421496
01423;0,744486251;0,531935853
01424;0,798580795;0,631029215
01427;0,774759405;0,587391882
01428;0,79848441;0,630852652
01500;0,753556097;0,548550496
01501;0,742310766;0,527950680
01503;0,773369654;0,584846060
01502;0,654334725;0,366791326
01505;0,715009699;0,477939082
01504;0,761193802;0,562541664
01506;0,76967033;0,578069435
01508;0,827154618;0,683372317
01509;0,712737421;0,473776599
01521;0,69179901;0,435420465
01522;0,712783669;0,473861318
01528;0,666613813;0,389284835
01512;0,741228228;0,525967627
01511;0,754156961;0,549651191
01510;0,72223641;0,491177369
01515;0,702499963;0,455023060
01520;0,748088929;0,538535436
01525;0,743073408;0,529347729
01524;0,772628372;0,583488139
01526;0,790658991;0,616517619
01527;0,598047319;0,263680958
01513;0,808859494;0,649858302
01514;0,774595973;0,587092498
01516;0,774061062;0,586112619
01517;0,782376508;0,601345311
01519;0,813400655;0,658177051
01600;0,732273205;0,509563323
01603;0,756413141;0,553784186
01604;0,786314304;0,608558782
01601;0,736498636;0,517303700
01602;0,588812888;0,246764819
01605;0,740009049;0,523734268
01606;0,74033327;0,524328193
01609;0,624270148;0,311717379
01610;0,671159247;0,397611411
01611;0,719170673;0,485561384
01612;0,68691301;0,426470021
01613;0,724083854;0,494561619
01615;0,718423831;0,484193277
01616;0,729898884;0,505213911
01618;0,789373412;0,614162624
01619;0,711139882;0,470850139
01620;0,744544808;0,532043121
01621;0,749369898;0,540881986
01622;0,664704844;0,385787881
01624;0,703737646;0,457290315
01625;0,58347474;0,236986106
01626;0,68823335;0,428888693
01627;0,682688983;0,418732216
01628;0,667507232;0,390921449
01700;0,69132454;0,434551305
01702;0,728320976;0,502323412
01704;0,761427967;0,562970620
01703;0,749536943;0,541187988
01705;0,779044475;0,595241509
01706;0,829909138;0,688418198
01707;0,781615459;0,599951179
01708;0,80997593;0,651903451
01710;0,742727318;0,528713742
01712;0,700514196;0,451385422
01714;0,765716818;0,570827174
01713;0,721116474;0,489125809
01716;0,720307933;0,487644679
01715;0,671085016;0,397475431
01718;0,714023632;0,476132751
01719;0,623853211;0,310953611
01721;0,621946298;0,307460423
01726;0,718612123;0,484538201
01720;0,738111024;0,520257361
01722;0,74314486;0,529478619
01728;0,743771777;0,530627040
01727;0,681053886;0,415736956
01103;0,885686711;0,790594626
01102;0,845421273;0,716834181
01100;0,806950782;0,646361818
01113;0,897197133;0,811680051
01121;0,846914863;0,719570221
01122;0,860354426;0,744189552
01123;0,844467666;0,715087311
01117;0,88672328;0,792493470
01202;0,777516095;0,592441739
01216;0,844258631;0,714704389
01301;0,626772752;0,316301787
01302;0,781427747;0,599607318
01329;0,752090084;0,545864972
01328;0,800062599;0,633743666
01425;0,802285411;0,637815535
01426;0,793215379;0,621200551
01507;0,755959739;0,552953619
01518;0,784832114;0,605843625
01523;0,688230798;0,428884018
01608;0,696695069;0,444389335
01607;0,752140639;0,545957582
01614;0,652344076;0,363144746
01617;0,74937208;0,540885983
01623;0,762675426;0,565255784
01629;0,674021192;0,402854080
01701;0,791343164;0,617770925
01709;0,799789557;0,633243492
01711;0,748122898;0,538597663
01717;0,694318815;0,440036382
01724;0,696004924;0,443125090
01725;0,708545739;0,466098045
01723;0,694568004;0,440492861
01111;0,717800625;0,483051654
01125;0,849876705;0,724995886
01400;0,733215397;0,511289282
01417;0,819996239;0,670259204
01422;0,819304957;0,668992876
01420;0,824259341;0,678068589
04101;0,697151638;0,445225704
04102;0,632726789;0,327208720
04103;0,763401056;0,566585033
04104;0,652826886;0,364029183
04105;0,638558559;0,337891677
04106;0,719546095;0,486249102
04107;0,655361646;0,368672496
04108;0,722659668;0,491952717
04109;0,645986231;0,351498095
04110;0,706879826;0,463046334
04111;0,698783276;0,448214628
04112;0,762499525;0,564933559
04113;0,812089319;0,655774873
04114;0,800750734;0,635004229
04115;0,836938907;0,701295716
04116;0,860688551;0,744801621
04117;0,816395149;0,663662529
04118;0,790401225;0,616045429
04119;0,839003827;0,705078350
04201;0,876573348;0,773900266
04202;0,845438047;0,716864908
04203;0,785377214;0,606842169
04204;0,764437199;0,568483097
04205;0,877100529;0,774865985
04206;0,814909566;0,660941157
04207;0,801570307;0,636505568
04208;0,836152189;0,699854563
04209;0,860880451;0,745153154
04210;0,869094176;0,760199507
04211;0,87181257;0,765179211
04212;0,873248807;0,767810189
04214;0,777777778;0,592921104
04215;0,784682988;0,605570448
04216;0,823023031;0,675803848
04217;0,873251699;0,767815487
04218;0,847273317;0,720226857
04219;0,829011913;0,686774612
04220;0,890873058;0,800095262
04221;0,821958816;0,673854361
04222;0,82191668;0,673777174
04223;0,818816054;0,668097276
04224;0,913447101;0,841447636
04226;0,857808006;0,739524880
04213;0,8926217;0,803298521
04301;0,773653642;0,585366285
04302;0,836301118;0,700127379
04303;0,824093889;0,677765505
04304;0,866757551;0,755919149
04305;0,867472967;0,757229687
04306;0,855434866;0,735177632
04307;0,835415912;0,698505810
04308;0,836392382;0,700294561
04309;0,818524454;0,667563108
04310;0,850797675;0,726682970
04311;0,837276453;0,701914051
04312;0,840165211;0,707205837
04313;0,842161197;0,710862194
04314;0,858959285;0,741633856
04315;0,854463708;0,733398611
04316;0,830704605;0,689875378
04317;0,865924478;0,754393080
04318;0,91286747;0,840385836
04319;0,892031594;0,802217532
04320;0,837564526;0,702441759
04321;0,843783288;0,713833630
04322;0,901472438;0,819511790
04323;0,816472541;0,663804300
04324;0,829643863;0,687932253
04325;0,721778047;0,490337715
04326;0,817502668;0,665691344
04327;0,846398186;0,718623744
04328;0,823349246;0,676401427
04329;0,853087994;0,730878502
04401;0,8267056;0,682549781
04402;0,777844282;0,593042930
04404;0,821978738;0,673890855
04405;0,827390535;0,683804483
04406;0,788854094;0,613211309
04407;0,804017023;0,640987597
04408;0,753195778;0,547890444
04409;0,828229924;0,685342122
04410;0,793386867;0,621514692
04411;0,820148299;0,670537756
04412;0,823829992;0,677282084
04413;0,832211864;0,692636458
04414;0,857982851;0,739845171
04415;0,797223222;0,628542338
04416;0,783326298;0,603085188
04417;0,8459724;0,717843766
04418;0,846365867;0,718564540
04419;0,846077134;0,718035623
04420;0,72989356;0,505204158
04421;0,792270908;0,619470417
04422;0,854178655;0,732876435
04423;0,762903782;0,565674100
04424;0,824376239;0,678282729
04425;0,825224176;0,679836027
04426;0,856523773;0,737172351
04427;0,78961517;0,614605490
04428;0,867890286;0,757994155
04429;0,808843537;0,649829071
04403;0,82794079;0,684812470
04501;0,845868092;0,717652688
04502;0,832521086;0,693202908
04503;0,833071421;0,694211042
04504;0,788167235;0,611953083
04505;0,807167297;0,646758442
04506;0,848605539;0,722667295
04507;0,795888106;0,626096599
04508;0,844441831;0,715039985
04509;0,824509446;0,678526745
04510;0,822149817;0,674204247
04511;0,758794303;0,558146130
04512;0,797428813;0,628918951
04513;0,806251125;0,645080148
04514;0,846844055;0,719440511
04515;0,818816054;0,668097276
04516;0,859294407;0,742247751
04517;0,808690404;0,649548554
04518;0,798591659;0,631049117
04519;0,798109406;0,630165699
04520;0,846232556;0,718320334
04521;0,777469206;0,592355845
04522;0,845225416;0,716475399
04523;0,85893015;0,741580485
04524;0,837981053;0,703204776
04525;0,84910687;0,723585660
04526;0,746587141;0,535784379
04528;0,832828386;0,693765837
04527;0,812321533;0,656200255
04601;0,848351054;0,722201115
04602;0,841553487;0,709748958
04603;0,744962383;0,532808057
04604;0,77686406;0,591247305
04605;0,841827694;0,710251265
04606;0,820631255;0,671422462
04607;0,825335054;0,680039139
04608;0,796705338;0,627593650
04609;0,825362408;0,680089248
04610;0,868372121;0,758876807
04611;0,883156724;0,785960057
04612;0,826233225;0,681684458
04613;0,849110687;0,723592652
04614;0,817300427;0,665320867
04615;0,833995426;0,695903685
04616;0,882456604;0,784677538
04617;0,821399333;0,672829469
04618;0,825320451;0,680012389
04619;0,831871917;0,692013725
04620;0,830655783;0,689785944
04621;0,834669678;0,697138817
04622;0,844048762;0,714319940
04623;0,814288121;0,659802760
04624;0,874479422;0,770064497
04625;0,853571415;0,731764059
04626;0,817356708;0,665423966
04627;0,756192485;0,553379976
04701;0,824026938;0,677642861
04702;0,804661526;0,642168233
04703;0,8193813;0,669132725
04704;0,831105362;0,690609507
04705;0,867121149;0,756585208
04706;0,914400651;0,843194402
04707;0,830013559;0,688609482
04708;0,840317649;0,707485081
04709;0,791763655;0,618541203
04710;0,889576731;0,797720579
04711;0,852128672;0,729121163
04712;0,872329048;0,766125324
04713;0,882495074;0,784748010
04714;0,855726334;0,735711559
04715;0,809226657;0,650530891
04716;0,866685387;0,755786955
04717;0,907113482;0,829845364
04718;0,85621789;0,736612018
04719;0,789453139;0,614308673
04720;0,82869831;0,686200137
04721;0,84753685;0,720709611
04722;0,86366782;0,750259210
04723;0,825627869;0,680575534
04724;0,830288855;0,689113785
04725;0,816510765;0,663874321
04726;0,891326124;0,800925213
04727;0,85897989;0,741671602
04801;0,824470267;0,678454975
04802;0,83774814;0,702778113
04803;0,789830018;0,614999060
04804;0,814089385;0,659438704
04805;0,783871938;0,604084722
04806;0,827751196;0,684465161
04807;0,80452479;0,641917753
04225;0,665507495;0,387258221
05101;0,714421934;0,476862382
05102;0,812550575;0,656619827
05103;0,864693889;0,752138819
05104;0,675316035;0,405226044
05105;0,875734912;0,772364373
05106;0,81577367;0,662524070
05107;0,751947551;0,545603873
05108;0,68477193;0,422547873
05109;0,63760218;0,336139729
05110;0,763134359;0,566096483
05111;0,763109069;0,566050156
05112;0,821093993;0,672270130
05113;0,815570769;0,662152385
05114;0,766337988;0,571965067
05115;0,712943785;0,474154628
05116;0,741533109;0,526526125
05117;0,666801242;0,389628178
05118;0,744700152;0,532327688
05119;0,769799889;0,578306768
05120;0,723909123;0,494241537
05121;0,754214011;0,549755699
05122;0,652256888;0,362985030
05123;0,791136045;0,617391513
05124;0,778340048;0,593951101
05125;0,687614893;0,427755769
05126;0,634188593;0,329886533
05127;0,672795151;0,400608150
05128;0,508320975;0,099315303
05129;0,714776911;0,477512649
05130;0,680227935;0,414223933
05131;0,81637153;0,663619263
05132;0,647222222;0,353762252
05133;0,78141821;0,599589848
05201;0,728924429;0,503428851
05202;0,7202681;0,487571711
05203;0,641671159;0,343593509
05204;0,696951045;0,444858246
05205;0,698433657;0,447574177
05206;0,669093115;0,393826557
05207;0,597910887;0,263431034
05208;0,679537477;0,412959114
05209;0,771615945;0,581633519
05210;0,638426948;0,337650585
05211;0,761169812;0,562497718
05212;0,758322364;0,557281606
05213;0,820299826;0,670815332
05214;0,654524628;0,367139201
05215;0,644632897;0,349018983
05216;0,778945386;0,595059993
05217;0,712424286;0,473202981
05218;0,791785051;0,618580398
05219;0,778359735;0,593987165
05220;0,73769488;0,519495045
05221;0,750058818;0,542143988
05222;0,768914609;0,576685063
05223;0,730877868;0,507007268
05224;0,718398543;0,484146953
05225;0,683887164;0,420927110
05226;0,755865463;0,552780919
05227;0,688288896;0,428990445
05228;0,765241832;0,569957068
05229;0,65166332;0,361897699
05230;0,71649049;0,480651677
05301;0,750277982;0,542545464
05302;0,675916315;0,406325670
05303;0,847294656;0,720265947
05304;0,830485152;0,689473372
05305;0,692459994;0,436631292
05306;0,791905743;0,618801488
05307;0,650782172;0,360283564
05308;0,759967678;0,560295583
05309;0,657578429;0,372733321
05310;0,731698843;0,508511175
05311;0,773501228;0,585087084
05312;0,751904403;0,545524832
05313;0,737270868;0,518718317
05314;0,786833615;0,609510085
05315;0,872605198;0,766631191
05316;0,759811005;0,560008580
05317;0,674809413;0,404297986
05318;0,773551634;0,585179421
05319;0,603086383;0,272911793
05320;0,659715762;0,376648606
05321;0,717727944;0,482918513
05322;0,73331138;0,511465109
05323;0,72834405;0,502365680
05325;0,756771069;0,554439858
05326;0,69349983;0,438536121
05327;0,814255677;0,659743327
05328;0,757587969;0,555936301
05329;0,752897335;0,547343739
05330;0,706518766;0,462384924
05331;0,742342511;0,528008832
05332;0,746898913;0,536355500
05401;0,818584486;0,667673077
05402;0,81989389;0,670071716
05403;0,840275442;0,707407764
05404;0,838629725;0,704393049
05405;0,872356953;0,766176442
05406;0,762647004;0,565203719
05407;0,855540882;0,735371837
05408;0,589499606;0,248022787
05409;0,840684743;0,708157544
05410;0,697036887;0,445015496
05411;0,737310009;0,518790018
05412;0,722428248;0,491528789
05413;0,73174948;0,508603935
05414;0,72599706;0,498066335
05415;0,671839856;0,398858188
05416;0,855153804;0,734662767
05417;0,862828916;0,748722459
05418;0,63239645;0,326603586
05419;0,871142345;0,763951456
05420;0,885001063;0,789338618
05421;0,652155811;0,362799871
05422;0,617047335;0,298486233
05423;0,73884577;0,521603309
05424;0,732712437;0,510367932
05425;0,782190072;0,601003787
05426;0,803823879;0,640633785
05427;0,643086407;0,346186038
05428;0,86019956;0,743905860
05429;0,843294713;0,712938631
05430;0,832117192;0,692463033
05501;0,760083489;0,560507732
05502;0,774896019;0,587642139
05503;0,883203933;0,786046537
05504;0,8612634;0,745854661
05505;0,84151524;0,709678895
05506;0,858026691;0,739925479
05507;0,865371003;0,753379194
05508;0,882282502;0,784358609
05509;0,87794536;0,776413593
05510;0,857695083;0,739318021
05511;0,88641712;0,791932630
05512;0,892327967;0,802760444
05513;0,895511261;0,808591777
05514;0,627126346;0,316949520
05515;0,851537247;0,728037759
05516;0,8279077;0,684751854
05517;0,734210894;0,513112888
05518;0,90263401;0,821639621
05519;0,756231079;0,553450675
05520;0,708490999;0,465997769
05521;0,614996302;0,294729038
05522;0,858088739;0,740039142
05523;0,878751298;0,777889955
05524;0,918115208;0,849998932
05525;0,888167524;0,795139116
05526;0,805871011;0,644383834
05527;0,552609883;0,180446162
05528;0,831645228;0,691598463
05529;0,900612404;0,817936332
05530;0,753719282;0,548849427
05531;0,881188272;0,782354138
05532;0,928615364;0,869233695
05134;0,660088874;0,377332093
05135;0,688510853;0,429397038
05324;0,681586688;0,416712972
05333;0,725083357;0,496392564
06101;0,897296126;0,811861391
06102;0,887750603;0,794375377
06103;0,835922492;0,699433791
06104;0,872467562;0,766379061
06105;0,839585949;0,706144713
06106;0,770660032;0,579882425
06107;0,860860708;0,745116988
06108;0,88166941;0,783235513
06109;0,831525012;0,691378245
06110;0,841398245;0,709464577
06111;0,871526106;0,764654451
06112;0,809668247;0,651339820
06113;0,749642894;0,541382075
06114;0,832395482;0,692972820
06115;0,820468514;0,671124344
06116;0,895356768;0,808308769
06117;0,870638069;0,763027695
06118;0,872250749;0,765981891
06119;0,836509991;0,700510004
06120;0,881024741;0,782054573
06121;0,860749236;0,744912787
06122;0,87120769;0,764071159
06123;0,866287723;0,755058492
06124;0,863515174;0,749979584
06125;0,865973416;0,754482727
06126;0,853338045;0,731336559
06201;0,852542219;0,729878722
06202;0,84402369;0,714274011
06203;0,801684551;0,636714846
06204;0,854672308;0,733780736
06205;0,79082873;0,616828556
06206;0,84655365;0,718908531
06207;0,818000953;0,666604130
06208;0,806659657;0,645828519
06209;0,826046199;0,681341854
06210;0,862328338;0,747805473
06211;0,84057971;0,707965139
06212;0,860521428;0,744495476
06213;0,788576472;0,612702746
06214;0,875017253;0,771049726
06215;0,822813547;0,675420104
06216;0,846249117;0,718350671
06217;0,83966193;0,706283899
06218;0,718410125;0,484168170
06219;0,842960668;0,712326709
06220;0,838987346;0,705048159
06221;0,840638965;0,708073686
06222;0,765996294;0,571339133
06223;0,839673512;0,706305116
06224;0,816170312;0,663250661
06225;0,816100438;0,663122662
06301;0,833395208;0,694804173
06302;0,876566125;0,773887035
06303;0,836995144;0,701398734
06304;0,898674981;0,814387254
06305;0,820726933;0,671597730
06306;0,8087394;0,649638307
06307;0,886740523;0,792525057
06308;0,914291057;0,842993641
06309;0,843449083;0,713221415
06310;0,904359162;0,824799849
06311;0,884335083;0,788118640
06312;0,904746945;0,825510212
06313;0,853266555;0,731205600
06314;0,811062246;0,653893424
06315;0,876425468;0,773629371
06316;0,813982136;0,659242239
06317;0,829422676;0,687527070
06318;0,825039372;0,679497493
06319;0,89101138;0,800348648
06320;0,891448338;0,801149092
06321;0,784774171;0,605737482
06322;0,85768371;0,739297188
06323;0,890283426;0,799015142
06324;0,909572247;0,834349465
06325;0,868918323;0,759877370
06326;0,893634124;0,805153135
06327;0,891989664;0,802140722
06401;0,86225507;0,747671257
06402;0,83383223;0,695604734
06403;0,819848361;0,669988313
06404;0,874922207;0,770875615
06405;0,893397265;0,804719243
06406;0,82568001;0,680671049
06407;0,808333634;0,648895003
06408;0,839397717;0,705799899
06409;0,859260524;0,742185682
06410;0,753482854;0,548416325
06411;0,841038373;0,708805343
06412;0,820155576;0,670551087
06413;0,735120238;0,514778675
06414;0,690874302;0,433726534
06415;0,753312333;0,548103955
06416;0,88485368;0,789068634
06417;0,830699786;0,689866551
06418;0,896542642;0,810481118
06419;0,799197986;0,632159820
06420;0,769390863;0,577557492
06421;0,828282744;0,685438880
06422;0,884794046;0,788959393
06423;0,896443995;0,810300411
06503;0,828762706;0,686318101
06504;0,877765989;0,776085012
06505;0,87562272;0,772158854
06506;0,785607238;0,607263540
06507;0,782496445;0,601565018
06508;0,766203614;0,571718913
06509;0,831597768;0,691511524
06510;0,862106893;0,747399818
06511;0,83375178;0,695457361
06512;0,751632374;0,545026514
06513;0,788201163;0,612015234
06514;0,900691784;0,818081745
06515;0,84850515;0,722483396
06516;0,756454555;0,553860051
06517;0,750683778;0,543288824
06518;0,732292446;0,509598570
06519;0,814419455;0,660043344
06520;0,860635976;0,744705311
06521;0,869899471;0,761674691
06522;0,765113093;0,569721237
06523;0,77217892;0,582664808
06524;0,73261783;0,510194626
06525;0,679532419;0,412949849
06601;0,896356275;0,810139721
06602;0,886533552;0,792145916
06603;0,890417475;0,799260700
06604;0,906874389;0,829407381
06605;0,886775215;0,792588608
06606;0,841240669;0,709175920
06607;0,894554665;0,806839432
06608;0,864965266;0,752635943
06609;0,90447502;0,825012085
06610;0,918024915;0,849833528
06611;0,873479082;0,768232019
06612;0,895812507;0,809143616
06613;0,914214652;0,842853678
06614;0,894629417;0,806976367
06615;0,817772454;0,666185553
06616;0,878432473;0,777305914
06617;0,851392065;0,727771806
06618;0,866540579;0,755521688
06619;0,855594329;0,735469745
06620;0,838367979;0,703913569
06621;0,80508786;0,642949215
06622;0,878218281;0,776913545
06623;0,878062905;0,776628919
06624;0,856641832;0,737388618
06625;0,890767797;0,799902439
06701;0,90122402;0,819056724
06702;0,887164282;0,793301322
06703;0,822057262;0,674034700
06704;0,804126543;0,641188222
06705;0,878441232;0,777321959
06706;0,888837889;0,796367127
06707;0,895202952;0,808027000
06708;0,859637324;0,742875925
06709;0,889964453;0,798430829
06710;0,885888195;0,790963716
06711;0,855167293;0,734687477
06712;0,896718403;0,810803087
06713;0,890506249;0,799423321
06714;0,862253949;0,747669203
06715;0,866782492;0,755964837
06716;0,885580932;0,790400854
06717;0,904516949;0,825088892
06718;0,891089204;0,800491210
06719;0,904329805;0,824746072
06720;0,908915465;0,833146336
06721;0,850275963;0,725727269
06722;0,90720813;0,830018746
06723;0,907265884;0,830124543
06724;0,853561871;0,731746576
06725;0,86013029;0,743778968
06502;0,765818689;0,571013787
06501;0,802791178;0,638742027
08101;0,830134357;0,688830767
08102;0,840344168;0,707533660
08103;0,816794479;0,664394044
08104;0,829131653;0,686993958
08105;0,822033898;0,673991900
08106;0,861632231;0,746530306
08107;0,857176656;0,738368338
08108;0,767419212;0,573945713
08109;0,760668499;0,561579385
08110;0,80917517;0,650436575
08111;0,813426806;0,658224955
08112;0,718624393;0,484560678
08113;0,799018801;0,631831579
08114;0,76545287;0,570343659
08115;0,791433364;0,617936158
08116;0,81421648;0,659671524
08117;0,828031284;0,684978242
08118;0,799687576;0,633056678
08119;0,841688654;0,709996564
08120;0,806259188;0,645094918
08121;0,775782458;0,589265967
08122;0,786768335;0,609390501
08123;0,778864971;0,594912684
08124;0,815164171;0,661407556
08125;0,809073724;0,650250740
08126;0,809391817;0,650833440
08127;0,718907093;0,485078543
08128;0,654465286;0,367030495
08129;0,807109573;0,646652700
08130;0,753424448;0,548309334
08131;0,631144709;0,324310578
08201;0,797493863;0,629038114
08202;0,772084769;0,582492337
08203;0,761315737;0,562765031
08204;0,817769069;0,666179352
08205;0,789112555;0,613684772
08206;0,760959862;0,562113120
08207;0,789388001;0,614189349
08208;0,778068335;0,593453362
08209;0,770817061;0,580170079
08210;0,719839448;0,486786483
08211;0,758920801;0,558377856
08212;0,784349383;0,604959332
08213;0,777000151;0,591496604
08214;0,802529192;0,638262106
08215;0,815970107;0,662883914
08216;0,809351019;0,650758704
08217;0,799840818;0,633337395
08218;0,784689515;0,605582404
08219;0,796720722;0,627621831
08220;0,779928135;0,596860246
08221;0,744368558;0,531720256
08222;0,765882719;0,571131080
08223;0,570646516;0,213486659
08224;0,738992314;0,521871757
08225;0,7269932;0,499891119
08226;0,774392041;0,586718925
08227;0,802924706;0,638986631
08228;0,744907279;0,532707115
08229;0,695584127;0,442354251
08230;0,779147417;0,595430084
08231;0,758281216;0,557206229
08301;0,823788546;0,677206161
08302;0,807480683;0,647332520
08303;0,769972295;0,578622591
08304;0,761670583;0,563415058
08305;0,752720079;0,547019032
08306;0,82546652;0,680279966
08307;0,763636364;0,567016084
08308;0,79800222;0,629969350
08309;0,618953711;0,301978437
08310;0,568427718;0,209422143
08311;0,826387283;0,681966670
08312;0,574416364;0,220392474
08313;0,576675265;0,224530453
08314;0,562631812;0,198804883
08315;0,580615478;0,231748352
08317;0,780580187;0,598054711
08318;0,76369863;0,567130146
08319;0,699250517;0,449070546
08320;0,676678317;0,407721547
08321;0,669046949;0,393741988
08322;0,640637932;0,341700787
08323;0,728514821;0,502678508
08324;0,694995261;0,441275533
08325;0,727565606;0,500939684
08326;0,712682124;0,473675303
08327;0,702198656;0,454471109
08328;0,699653659;0,449809043
08329;0,725006792;0,496252308
08330;0,753112422;0,547737747
08316;0,787084485;0,609969642
08401;0,732585907;0,510136148
08402;0,768981302;0,576807235
08403;0,716339768;0,480375576
08404;0,799334562;0,632410007
08405;0,706972866;0,463216769
08406;0,791086934;0,617301548
08407;0,722987183;0,492552677
08408;0,785569529;0,607194462
08409;0,812036469;0,655678060
08410;0,840725806;0,708232766
08411;0,830373736;0,689269274
08412;0,754800219;0,550829547
08413;0,752905199;0,547358145
08414;0,751267399;0,544357933
08415;0,648392254;0,355905581
08416;0,780366573;0,597663401
08417;0,701203039;0,452647283
08418;0,72410729;0,494604550
08419;0,736749117;0,517762545
08420;0,718219415;0,483818817
08421;0,587762557;0,244840765
08422;0,677592922;0,409396971
08423;0,714253898;0,476554565
08424;0,70052826;0,451411186
08425;0,685349169;0,423605291
08426;0,633693972;0,328980459
08427;0,661248205;0,379455819
08428;0,674678112;0,404057462
08429;0,698252626;0,447242554
08430;0,767829457;0,574697222
08501;0,662685238;0,382088255
08502;0,767109295;0,573377990
08503;0,861131844;0,745613669
08504;0,865585168;0,753771513
08505;0,777358698;0,592153410
08506;0,808092221;0,648452769
08507;0,721498259;0,489825184
08508;0,686876431;0,426403014
08509;0,87172077;0,765011047
08510;0,829188062;0,687097292
08511;0,744118955;0,531263020
08512;0,766791371;0,572795599
08513;0,798960437;0,631724664
08514;0,836197691;0,699937916
08515;0,86269832;0,748483226
08516;0,71866428;0,484633745
08517;0,773478105;0,585044726
08518;0,839649439;0,706261018
08519;0,809091591;0,650283470
08520;0,841481327;0,709616771
08521;0,865720524;0,754019466
08522;0,834331337;0,696519026
08523;0,784501062;0,605237186
08524;0,721626903;0,490060841
08525;0,760293183;0,560891861
08526;0,816143498;0,663201541
08527;0,756987166;0,554835717
08528;0,73832137;0,520642684
08529;0,757320769;0,555446829
08530;0,771683922;0,581758043
08531;0,626165771;0,315189886
08532;0,753101365;0,547717493
08533;0,772623367;0,583478970
08534;0,793619908;0,621941590
08601;0,839002268;0,705075494
08602;0,846771466;0,719307539
08603;0,806875632;0,646224154
08604;0,824852462;0,679155101
08605;0,830522874;0,689542474
08606;0,793858842;0,622379282
08607;0,81510596;0,661300922
08608;0,797845743;0,629682707
08609;0,676259547;0,406954421
08610;0,813485109;0,658331758
08611;0,841549212;0,709741126
08612;0,785146635;0,606419782
08613;0,770308252;0,579238015
08615;0,813141224;0,657701811
08616;0,747685754;0,537796878
08617;0,789820636;0,614981874
08618;0,842048547;0,710655836
08619;0,847968982;0,721501214
08620;0,784556659;0,605339031
08621;0,769043369;0,576920933
08622;0,80868666;0,649541695
08623;0,730284449;0,505920210
08624;0,788662497;0,612860331
08625;0,741366977;0,526221795
08626;0,858809802;0,741360025
08627;0,831001076;0,690418470
08628;0,84192917;0,710437154
08629;0,83665804;0,700781208
08630;0,850863832;0,726804160
08631;0,86426299;0,751349475
08632;0,876882575;0,774466725
08633;0,691738479;0,435309581
08634;0,676940282;0,408201429
08614;0,664818846;0,385996716
10101;0,662279029;0,381344139
10102;0,726474545;0,498941018
10103;0,663982986;0,384465541
10104;0,706896552;0,463076973
10105;0,690494899;0,433031523
10106;0,649510303;0,357953684
10107;0,727326959;0,500502517
10108;0,637151468;0,335314090
10109;0,700812894;0,451932594
10110;0,658079898;0,373651940
10111;0,679795163;0,413431157
10112;0,671054837;0,397420147
10113;0,670934228;0,397199209
10115;0,587263855;0,243927215
10116;0,697755771;0,446332388
10117;0,673814785;0,402475972
10118;0,690483114;0,433009934
10119;0,798722758;0,631289271
10120;0,755119302;0,551414061
10121;0,647916956;0,355034903
10122;0,744415093;0,531805502
10123;0,750970977;0,543814931
10124;0,724736865;0,495757840
10125;0,665303162;0,386883912
10126;0,636304471;0,333762514
10201;0,738506101;0,520981085
10202;0,708938562;0,466817640
10203;0,69473559;0,440799854
10204;0,727679154;0,501147687
10205;0,658513641;0,374446494
10206;0,713623817;0,475400348
10207;0,729208665;0,503949530
10208;0,796101949;0,626488329
10209;0,740627391;0,524866981
10210;0,780451128;0,597818294
10211;0,823669349;0,676987809
10212;0,594191797;0,256618201
10213;0,684491979;0,422035043
10214;0,717957479;0,483338988
10215;0,677799685;0,409775731
10216;0,695314012;0,441859439
10217;0,791488879;0,618037853
10218;0,810238305;0,652384084
10219;0,829937998;0,688471066
10220;0,723292469;0,493111916
10221;0,822281167;0,674444861
10222;0,782823543;0,602164214
10223;0,690702638;0,433412070
10224;0,734239042;0,513164451
10225;0,773714358;0,585477508
10226;0,737849338;0,519777990
10227;0,710610056;0,469879574
10301;0,656293456;0,370379437
10303;0,691487919;0,434850591
10304;0,617846671;0,299950501
10305;0,562848613;0,199202031
10306;0,653132903;0,364589762
10307;0,636385726;0,333911362
10308;0,716388988;0,480465740
10309;0,700602446;0,451547084
10310;0,719134916;0,485495882
10311;0,742370079;0,528059332
10312;0,71139464;0,471316818
10313;0,688635959;0,429626214
10315;0,693167716;0,437927736
10316;0,646813393;0,353013336
10317;0,693516071;0,438565872
10318;0,703206047;0,456316503
10319;0,692503322;0,436710662
10320;0,710124109;0,468989390
10321;0,678874006;0,411743731
10322;0,753452865;0,548361390
10323;0,763314119;0,566425777
10324;0,78291147;0,602325284
10325;0,756489627;0,553924297
10326;0,759129463;0,558760094
10327;0,779968415;0,596934033
10328;0,827909077;0,684754376
10329;0,81275154;0,656987966
10401;0,733308759;0,511460308
10402;0,70780818;0,464746944
10403;0,782051282;0,600749544
10404;0,753462224;0,548378534
10405;0,754891501;0,550996762
10406;0,739457969;0,522724769
10407;0,821256039;0,672566975
10408;0,7296;0,504666399
10409;0,735034715;0,514622009
10410;0,779680448;0,596406520
10411;0,845704754;0,717353477
10412;0,891735537;0,801675198
10413;0,870229008;0,762278355
10414;0,651866272;0,362269478
10415;0,867697986;0,757641890
10416;0,743176018;0,529535696
10417;0,657779657;0,373101942
10418;0,848059455;0,721666948
10419;0,875562219;0,772048024
10420;0,88897281;0,796614283
10421;0,749279539;0,540716461
10422;0,856431535;0,737003385
10423;0,842471715;0,711431018
10424;0,935602576;0,882033255
10425;0,893992933;0,805810421
10426;0,87607245;0,772982694
10427;0,887037037;0,793068228
10428;0,880497132;0,781088070
10429;0,826906598;0,682917980
10501;0,903170523;0,822622435
10502;0,888888889;0,796460552
10503;0,894222945;0,806231769
10504;0,920833333;0,854978143
10505;0,918575064;0,850841321
10506;0,873881204;0,768968649
10507;0,8386346;0,704401980
10508;0,886227545;0,791585356
10509;0,772798742;0,583800232
10510;0,892418033;0,802925432
10511;0,874551971;0,770197397
10512;0,851624232;0,728197102
10513;0,911016949;0,836995950
10514;0,901178604;0,818973528
10515;0,902857143;0,822048368
10516;0,929292929;0,870474896
10517;0,910305344;0,835692393
10518;0,920379147;0,854146140
10519;0,898016997;0,813181923
10520;0,911247803;0,837418841
10521;0,864620939;0,752005186
10522;0,880582524;0,781244495
10523;0,917555771;0,848974124
10524;0,902091255;0,820645373
10525;0,922190202;0,857463730
10526;0,913424125;0,841405548
10527;0,878923767;0,778205893
10528;0,876207199;0,773229534
10529;0,874531835;0,770160510
10530;0,864420707;0,751638390
10601;0,654759973;0,367570319
10602;0,72238573;0,491450902
10603;0,673701495;0,402268441
10604;0,740058466;0,523824792
10605;0,759169695;0,558833793
10606;0,719070366;0,485377636
10607;0,768388269;0,575720885
10608;0,693526485;0,438584949
10609;0,695158694;0,441574919
10610;0,702299162;0,454655221
10611;0,737625099;0,519367217
10612;0,745728031;0,534210614
10613;0,776775634;0,591085321
10614;0,650974288;0,360635492
10615;0,835905768;0,699403155
10616;0,872242647;0,765967050
10617;0,90248227;0,821361655
10618;0,798181818;0,630298347
10619;0,839562443;0,706101654
10620;0,917820868;0,849459743
10621;0,73342017;0,511664396
10622;0,659862876;0,376918097
10623;0,692798844;0,437252016
10624;0,612117034;0,289454636
10625;0,672956302;0,400903355
10626;0,760028222;0,560406490
10114;0,691424195;0,434733858
10302;0,62310827;0,309588987
10314;0,570720114;0,213621480
11101;0,798833212;0,631491607
11102;0,889751362;0,798040477
11103;0,841143793;0,708998458
11106;0,756048971;0,553117079
11109;0,882916497;0,785519996
11127;0,749826985;0,541719303
11105;0,684428324;0,421918437
11108;0,61408803;0,293065215
11126;0,739790653;0,523334198
11107;0,656892026;0,371475931
11128;0,790060686;0,615421611
11130;0,760544599;0,561352418
11110;0,750773882;0,543453881
11111;0,665765863;0,387731514
11112;0,787354954;0,610465102
11114;0,76890689;0,576670923
11131;0,735981941;0,516357190
11132;0,790523672;0,616269734
11134;0,728735444;0,503082658
11113;0,683989277;0,421114166
11116;0,743734697;0,530559115
11118;0,638374433;0,337554385
11119;0,70816914;0,465408170
11120;0,780397632;0,597720297
11133;0,696351988;0,443760861
11137;0,784786075;0,605759288
11115;0,822534328;0,674908615
11117;0,650493612;0,359754964
11123;0,649592339;0,358103962
11125;0,706896454;0,463076794
11135;0,762920312;0,565704380
11136;0,812504597;0,656535602
11138;0,828184526;0,685258959
11122;0,723416244;0,493338654
11124;0,736552921;0,517403142
11201;0,731423081;0,508006019
11202;0,7170937;0,481756670
11203;0,723567205;0,493615193
11204;0,666377117;0,388851242
11207;0,685509347;0,423898714
11208;0,721330275;0,489517461
11206;0,787395987;0,610540269
11210;0,886013675;0,791193577
11212;0,757455629;0,555693873
11215;0,841008457;0,708750542
11216;0,732454869;0,509896105
11213;0,883729359;0,787009041
11217;0,886141994;0,791428639
11219;0,790615507;0,616437962
11223;0,684477345;0,422008236
11220;0,825226099;0,679839550
11221;0,791789511;0,618588568
11222;0,804655504;0,642157202
11225;0,782141011;0,600913914
11226;0,848173829;0,721876464
11227;0,863777444;0,750460025
11230;0,803651516;0,640318041
11228;0,8217798;0,673526429
11229;0,857992625;0,739863075
11231;0,846952885;0,719639872
11234;0,765414369;0,570273131
11235;0,726777266;0,499495559
11236;0,841654453;0,709933913
11237;0,868702456;0,759481933
11301;0,737577571;0,519280152
11302;0,786584454;0,609053658
11303;0,808493248;0,649187392
11304;0,669885965;0,395278943
11309;0,771559774;0,581530622
11311;0,774128798;0,586236702
11312;0,760870257;0,561948977
11315;0,708934929;0,466810984
11316;0,717347976;0,482222467
11317;0,765063748;0,569630844
11305;0,756146821;0,553296327
11308;0,755561671;0,552224417
11318;0,761721696;0,563508689
11324;0,536736459;0,151368350
11320;0,751334974;0,544481720
11321;0,744350018;0,531686294
11322;0,737536029;0,519204053
11325;0,878444401;0,777327764
11327;0,808282274;0,648800919
11328;0,895962209;0,809417849
11329;0,846944225;0,719624008
11330;0,787072559;0,609947795
11331;0,773218025;0,584568297
11332;0,715909126;0,479586702
11333;0,802344135;0,637923109
11335;0,700579788;0,451505577
11336;0,770254816;0,579140128
11337;0,701974364;0,454060238
11338;0,676488479;0,407373792
11339;0,811886014;0,655402448
11401;0,773071344;0,584299599
11402;0,831869268;0,692008872
11403;0,76450303;0,568603690
11405;0,790480678;0,616190975
11406;0,722202974;0,491116120
11411;0,769886061;0,578464622
11412;0,811769001;0,655188097
11413;0,809232804;0,650542152
11415;0,655228158;0,368427966
11418;0,834079989;0,696058593
11414;0,817499035;0,665684689
11416;0,873808747;0,768835918
11419;0,81197051;0,655557232
11420;0,701551901;0,453286347
11421;0,79728567;0,628656734
11423;0,834863704;0,697494245
11425;0,861596303;0,746464491
11426;0,734398585;0,513456711
11428;0,839751506;0,706447990
11429;0,728060072;0,501845474
11433;0,738952049;0,521797997
11431;0,823146115;0,676029320
11434;0,765946647;0,571248187
11436;0,885842874;0,790880694
11435;0,808506622;0,649211892
11437;0,87075522;0,763242299
11438;0,883900893;0,787323266
11501;0,795392905;0,625189463
11505;0,834893666;0,697549131
11507;0,731912533;0,508902624
11508;0,796963144;0,628065913
11509;0,867986925;0,758171184
11512;0,85778361;0,739480190
11514;0,859729804;0,743045335
11516;0,792524031;0,619934102
11517;0,873863779;0,768936729
11511;0,793064133;0,620923490
11513;0,818008265;0,666617524
11522;0,802056204;0,637395661
11523;0,816631005;0,664094583
11524;0,812100668;0,655795663
11521;0,760687657;0,561614480
11525;0,814242333;0,659718883
11526;0,842008583;0,710582627
11529;0,875224322;0,771429046
11528;0,829425785;0,687532766
11531;0,766724013;0,572672209
11533;0,807891938;0,648085880
11534;0,787412777;0,610571025
11535;0,812613328;0,656734782
11537;0,743410281;0,529964832
11538;0,758851122;0,558250214
11601;0,858053381;0,739974371
11602;0,869793651;0,761480844
11603;0,954953515;0,917481370
11604;0,825449826;0,680249385
11605;0,797947804;0,629869668
11606;0,758886236;0,558314538
11607;0,752943857;0,547428961
11609;0,779770392;0,596571284
11610;0,820037344;0,670334503
11611;0,754676389;0,550602708
11612;0,793034731;0,620869630
11613;0,831866834;0,692004413
11614;0,854744104;0,733912256
11615;0,804015616;0,640985020
11616;0,871170219;0,764002517
11617;0,818745515;0,667968059
11624;0,878502462;0,777434123
11618;0,900279171;0,817325897
11619;0,876252625;0,773312748
11622;0,92131198;0,855854954
11621;0,824445824;0,678410199
11623;0,921234165;0,855712409
11625;0,87429155;0,769720343
11626;0,883320113;0,786259362
11620;0,889681986;0,797913391
11627;0,89331761;0,804573327
11633;0,916707955;0,847421048
11634;0,900014869;0,816841734
11632;0,908893467;0,833106039
11628;0,902289488;0,821008507
11635;0,854584827;0,733620483
11629;0,878251648;0,776974669
11636;0,946596436;0,902172412
11104;0,814399444;0,660006687
11129;0,715962499;0,479684474
11205;0,666653752;0,389357998
11209;0,878732205;0,777854979
11214;0,803434639;0,639920754
11211;0,712442114;0,473235639
11218;0,873142836;0,767616066
11224;0,78152654;0,599788293
11232;0,793073851;0,620941292
11233;0,877717671;0,775996500
11307;0,727547231;0,500906024
11306;0,688880873;0,430074861
11310;0,836140975;0,699834020
11313;0,789807234;0,614957324
11314;0,752915585;0,547377171
11319;0,728921014;0,503422595
11323;0,717313985;0,482160200
11326;0,642346418;0,344830485
11334;0,790140575;0,615567956
11404;0,825477454;0,680299996
11407;0,799445441;0,632613122
11409;0,728303281;0,502290998
11410;0,702558741;0,455130732
11408;0,798515532;0,630909663
11424;0,792458525;0,619814104
11417;0,810828818;0,653465818
11422;0,837990757;0,703222553
11427;0,788205017;0,612022294
11430;0,751742203;0,545227705
11432;0,806492721;0,645522717
11502;0,77570821;0,589129955
11503;0,753430967;0,548321276
11504;0,770202559;0,579044401
11506;0,718113186;0,483624221
11510;0,763985338;0,567655353
11515;0,787918737;0,611497871
11518;0,844240501;0,714671178
11519;0,787665834;0,611034589
11520;0,764056765;0,567786197
11527;0,832694155;0,693519946
11530;0,890850874;0,800054624
11532;0,721157175;0,489200367
11536;0,706035505;0,461499660
11608;0,772775326;0,583757337
11630;0,855275531;0,734885753
11121;0,750251425;0,542496816
11631;0,892577936;0,803218351
12101;0,743329192;0,529816288
12102;0,686076709;0,424938039
12103;0,718442901;0,484228211
12104;0,68715106;0,426906094
12105;0,629757425;0,321769275
12106;0,721522342;0,489869300
12107;0,746779536;0,536136818
12108;0,737840635;0,519762048
12109;0,647071169;0,353485544
12110;0,706340495;0,462058357
12111;0,715321796;0,478510799
12112;0,799895488;0,633437542
12113;0,727957244;0,501657108
12114;0,622589327;0,308638359
12115;0,686836635;0,426330113
12116;0,695498793;0,442197931
12117;0,727661681;0,501115679
12118;0,61859997;0,301330435
12119;0,711284444;0,471114955
12120;0,711796192;0,472052404
12121;0,701313453;0,452849545
12122;0,733188692;0,511240362
12123;0,670734504;0,396833344
12125;0,679981939;0,413773304
12126;0,730709743;0,506699287
12201;0,7321282;0,509297695
12202;0,778225516;0,593741295
12203;0,857399103;0,738775829
12204;0,810124031;0,652174750
12205;0,816025175;0,662984791
12206;0,719118754;0,485466276
12207;0,698059007;0,446887872
12208;0,661503385;0,379923272
12209;0,706315177;0,462011979
12210;0,767069597;0,573305269
12211;0,782600875;0,601756318
12212;0,713764692;0,475658410
12213;0,740753713;0,525098384
12214;0,745438687;0,533680577
12215;0,711222186;0,471000908
12216;0,680237768;0,414241946
12217;0,719622425;0,486388928
12218;0,607697655;0,281358974
12219;0,748696867;0,539649091
12220;0,582070723;0,234414150
12221;0,727292828;0,500439994
12222;0,657080063;0,371820387
12223;0,836993883;0,701396424
12224;0,758186587;0,557032882
12225;0,71965373;0,486446274
12226;0,764601634;0,568784318
12301;0,902190923;0,820827950
12302;0,889668986;0,797889577
12303;0,867766357;0,757767135
12304;0,835035325;0,697808630
12305;0,894650206;0,807014450
12306;0,882567469;0,784880627
12307;0,897047691;0,811406295
12308;0,902991108;0,822293773
12309;0,779123877;0,595386962
12310;0,91736227;0,848619658
12311;0,900847458;0,818366917
12312;0,868322047;0,758785079
12313;0,867894315;0,758001536
12314;0,819894721;0,670073238
12315;0,889273356;0,797164840
12316;0,837609854;0,702524794
12317;0,788422217;0,612420173
12318;0,88797089;0,794778911
12319;0,698620564;0,447916563
12320;0,701342346;0,452902473
12321;0,749798808;0,541667687
12322;0,777867486;0,593085436
12323;0,896736045;0,810835404
12324;0,832546923;0,693250238
12325;0,836820084;0,701078049
12401;0,878032345;0,776572937
12402;0,823083404;0,675914443
12403;0,803730467;0,640462668
12404;0,656073271;0,369976090
12405;0,684097874;0,421313100
12406;0,763772617;0,567265679
12407;0,879712747;0,779651190
12408;0,885620096;0,790472597
12409;0,810253565;0,652412038
12410;0,787591748;0,610898874
12411;0,76964632;0,578025452
12412;0,839431438;0,705861671
12413;0,885011895;0,789358461
12414;0,815393938;0,661828456
12415;0,809370595;0,650794565
12416;0,787359188;0,610472858
12417;0,82514881;0,679697967
12418;0,713125376;0,474487276
12419;0,729291717;0,504101669
12420;0,801969563;0,637236947
12421;0,856108183;0,736411051
12422;0,803193816;0,639479601
12423;0,770390027;0,579387815
12424;0,655137421;0,368261749
12425;0,853070539;0,730846527
12426;0,70771727;0,464580410
12427;0,743231513;0,529637355
12501;0,871295512;0,764232036
12502;0,850954479;0,726970212
12503;0,864701436;0,752152644
12504;0,654582217;0,367244695
12505;0,787135487;0,610063070
12506;0,746547112;0,535711051
12507;0,674371027;0,403494927
12508;0,647669057;0,354580788
12509;0,631756006;0,325430386
12510;0,653101109;0,364531520
12511;0,592107151;0,252799431
12512;0,691568033;0,434997349
12513;0,614330299;0,293509017
12514;0,57465169;0,220823557
12515;0,634165545;0,329844312
12516;0,643494551;0,346933699
12517;0,71641516;0,480513683
12518;0,733946797;0,512629101
12519;0,707583899;0,464336093
12520;0,595502436;0,259019101
12521;0,760115436;0,560566254
12522;0,657642119;0,372849992
12523;0,655114048;0,368218933
12524;0,613132049;0,291313996
12525;0,837496411;0,702316982
12526;0,703965047;0,457706881
12601;0,756824713;0,554538126
12602;0,916897971;0,847769130
12603;0,891525424;0,801290302
12604;0,90503876;0,826044774
12605;0,884834664;0,789033800
12606;0,920230263;0,853873406
12607;0,868076536;0,758335338
12608;0,887862481;0,794580321
12609;0,909309791;0,833868684
12610;0,900847619;0,818367212
12611;0,89479241;0,807274947
12612;0,856792144;0,737663968
12613;0,881749165;0,783381613
12614;0,862040134;0,747277525
12615;0,906274206;0,828307932
12616;0,911371237;0,837644954
12617;0,892030848;0,802216165
12618;0,882260597;0,784318482
12619;0,909613804;0,834425592
12620;0,910509886;0,836067084
12621;0,873581314;0,768419294
12622;0,9;0,816814497
12623;0,922121193;0,857337315
12624;0,868794326;0,759650226
12625;0,888181818;0,795165300
12626;0,905128205;0,826208625
12127;0,695958519;0,443040082
12124;0,690395507;0,432849451
12227;0,644002098;0,347863451
02102;0,666680661;0,389407291
02103;0,688888889;0,430089545
02104;0,713871767;0,475854556
02105;0,657275581;0,372178548
02107;0,800949914;0,635369098
02108;0,882084886;0,783996605
02109;0,871027852;0,763741721
02110;0,850583311;0,726290286
02111;0,824199948;0,677959790
02112;0,813329249;0,658046245
02113;0,869887159;0,761652137
02114;0,880101954;0,780364161
02115;0,855794364;0,735836180
02116;0,852224285;0,729296313
02117;0,809128084;0,650350320
02118;0,813949004;0,659181546
02119;0,844285976;0,714754481
02120;0,836269656;0,700069745
02121;0,834926399;0,697609093
02122;0,831813936;0,691907512
02123;0,870957165;0,763612233
02124;0,887817031;0,794497064
02125;0,899231961;0,815407560
02126;0,901023059;0,818688592
02127;0,861250635;0,745831277
02128;0,850403674;0,725961217
02129;0,90224359;0,820924428
02201;0,851096511;0,727230394
02202;0,859074384;0,741844701
02203;0,855858934;0,735954463
02204;0,774450959;0,586826854
02205;0,841695213;0,710008579
02206;0,842092046;0,710735520
02207;0,805777076;0,644211759
02208;0,854651559;0,733742727
02209;0,801182201;0,635794614
02210;0,814886304;0,660898544
02211;0,812243007;0,656056407
02212;0,871202821;0,764062239
02213;0,809473974;0,650983940
02214;0,728680879;0,502982702
02215;0,654404524;0,366919188
02216;0,886530536;0,792140391
02217;0,837494684;0,702313819
02218;0,896855809;0,811054794
02219;0,789818303;0,614977600
02220;0,843469011;0,713257920
02221;0,771064302;0,580622989
02222;0,818706446;0,667896490
02223;0,639836411;0,340232516
02224;0,833324253;0,694674194
02225;0,906118341;0,828022410
02226;0,889166826;0,796969692
02301;0,903650312;0,823501339
02302;0,899871273;0,816578687
02303;0,814958282;0,661030397
02304;0,871849508;0,765246876
02305;0,854779374;0,733976865
02306;0,827375698;0,683777303
02307;0,645998379;0,351520349
02308;0,714325583;0,476685881
02309;0,726669944;0,499298961
02310;0,72926995;0,504061795
02311;0,733073195;0,511028789
02312;0,723852119;0,494137114
02313;0,741241441;0,525991831
02314;0,677991952;0,410127936
02316;0,751592374;0,544953240
02318;0,69922449;0,449022868
02319;0,825991282;0,681241254
02320;0,77252964;0,583307276
02321;0,785653371;0,607348049
02322;0,707254959;0,463733523
02323;0,804540591;0,641946698
02324;0,834680556;0,697158744
02325;0,732033199;0,509123667
02326;0,865729125;0,754035222
02327;0,823963626;0,677526882
02401;0,691194338;0,434312794
02402;0,784946237;0,606052682
02403;0,722619995;0,491880042
02404;0,780426632;0,597773421
02405;0,856393648;0,736933981
02406;0,829332532;0,687361940
02407;0,846376003;0,718583108
02408;0,876475526;0,773721070
02409;0,813372093;0,658124729
02410;0,908246488;0,831920867
02411;0,831642904;0,691594206
02412;0,877392852;0,775401479
02413;0,875362423;0,771682027
02414;0,853429494;0,731504081
02415;0,848718853;0,722874869
02416;0,850278538;0,725731986
02417;0,826539147;0,682244863
02418;0,736977875;0,518181596
02419;0,763757015;0,567237099
02421;0,782143983;0,600919359
02422;0,778243539;0,593774311
02423;0,788000849;0,611648288
02424;0,842367674;0,711240430
02425;0,891946125;0,802060965
02426;0,873373598;0,768038788
02427;0,795940507;0,626192591
02501;0,85798728;0,739853284
02502;0,843581781;0,713464498
02503;0,786641572;0,609158290
02504;0,852531367;0,729858842
02505;0,901737286;0,819996953
02506;0,855099999;0,734564204
02507;0,846347607;0,718531090
02508;0,741160077;0,525842784
02509;0,846525118;0,718856265
02510;0,774157714;0,586289672
02511;0,874450529;0,770011570
02512;0,8764773;0,773724320
02513;0,892215704;0,802554795
02514;0,860033344;0,743601377
02515;0,874796748;0,770645793
02516;0,861281354;0,745887550
02517;0,88470636;0,788798765
02518;0,86011657;0,743753835
02519;0,890271979;0,798994172
02520;0,861464526;0,746223095
02521;0,860562773;0,744571214
02522;0,826708703;0,682555465
02523;0,842907653;0,712229593
02524;0,819262161;0,668914480
02525;0,838279192;0,703750924
02526;0,86967447;0,761262522
02601;0,87808642;0,776671995
02602;0,925330294;0,863215923
02603;0,84503185;0,716120814
02604;0,798823051;0,631472993
02605;0,840453045;0,707733107
02606;0,861793618;0,746825943
02607;0,938285929;0,886948768
02608;0,875440305;0,771824696
02609;0,880221541;0,780583227
02610;0,890613328;0,799619474
02611;0,888204211;0,795206321
02612;0,899276879;0,815489844
02613;0,902789518;0,821924489
02614;0,879048018;0,778433503
02615;0,847681359;0,720974331
02616;0,847049179;0,719816269
02617;0,867300754;0,756914218
02618;0,856265792;0,736699768
02619;0,857508677;0,738976553
02620;0,865555926;0,753717946
02621;0,847866794;0,721314021
02622;0,835903984;0,699399887
02623;0,863185593;0,749375840
02624;0,870001105;0,761860870
02625;0,89637792;0,810179371
02626;0,881032892;0,782069504
02627;0,880441927;0,780986942
02628;0,871340808;0,764315011
02106;0,643677597;0,347269012
02101;0,701221003;0,452680190
02317;0,629372558;0,321064255
02315;0,656118591;0,370059110
02420;0,788159299;0,611938545
07101;0,710842063;0,470304577
07107;0,829181495;0,687085262
07104;0,743349882;0,529854189
07119;0,855992844;0,736199766
07125;0,886755797;0,792553037
07118;0,807157325;0,646740175
07113;0,83518225;0,698077775
07226;0,840969124;0,708678489
07202;0,86965978;0,761235612
07204;0,885339885;0,789959291
07224;0,825162688;0,679723390
07229;0,784974464;0,606104389
07222;0,857859532;0,739619268
07213;0,862976407;0,748992641
07205;0,781578947;0,599884295
07206;0,850081037;0,725370193
07214;0,797926553;0,629830739
07207;0,861500444;0,746288891
07208;0,871803755;0,765163063
07209;0,723537669;0,493561087
07210;0,790925098;0,617005088
07218;0,776034272;0,589727254
07220;0,729776248;0,504989260
07215;0,886604546;0,792275967
07217;0,880377051;0,780868099
07227;0,738448126;0,520874883
07216;0,875105485;0,771211354
07301;0,913480738;0,841509254
07302;0,894893391;0,807459929
07303;0,885079544;0,789482384
07305;0,887058824;0,793108138
07304;0,888180295;0,795162511
07308;0,901070217;0,818774979
07311;0,882209586;0,784225037
07312;0,873146623;0,767623003
07316;0,847913863;0,721400244
07315;0,890688259;0,799756737
07313;0,881072027;0,782141194
07314;0,897785349;0,812757577
07319;0,869641247;0,761201662
07321;0,866409886;0,755282277
07323;0,747195858;0,536899460
07325;0,888615889;0,795960456
07322;0,791133845;0,617387483
07329;0,797276385;0,628639725
07327;0,812623921;0,656754186
07326;0,804258875;0,641430635
07401;0,86683795;0,756066428
07402;0,829225352;0,687165601
07406;0,75480992;0,550847318
07407;0,810388872;0,652659901
07404;0,908492699;0,832371890
07403;0,870417732;0,762624070
07405;0,852427965;0,729669425
07409;0,778735632;0,594675754
07410;0,794453507;0,623468622
07428;0,769931663;0,578548159
07411;0,828422877;0,685695584
07425;0,754141238;0,549622389
07414;0,872869276;0,767114943
07412;0,857025472;0,738091391
07420;0,810045662;0,652031190
07419;0,810579404;0,653008928
07417;0,786179496;0,608311833
07416;0,820750142;0,671640245
07418;0,787883051;0,611432499
07502;0,78194406;0,600553129
07501;0,695968226;0,443057864
07503;0,796529243;0,627271070
07516;0,799218128;0,632196717
07517;0,772977219;0,584127176
07504;0,695490697;0,442183100
07518;0,748166259;0,538677094
07529;0,741784613;0,526986843
07505;0,788559967;0,612672511
07511;0,775290216;0,588364251
07510;0,793630952;0,621961821
07506;0,76318731;0,566193482
07523;0,82283737;0,675463744
07522;0,731107206;0,507427382
07526;0,821831043;0,673620299
07524;0,829036981;0,686820533
07601;0,820780058;0,671695047
07602;0,800729735;0,634965762
07603;0,769342083;0,577468134
07604;0,706203496;0,461807395
07605;0,744087838;0,531206018
07606;0,782932891;0,602364524
07607;0,767667047;0,574399710
07608;0,705155778;0,459888128
07609;0,746397711;0,535437370
07610;0,728364979;0,502404019
07611;0,668130969;0,392064045
07612;0,842506351;0,711494466
07613;0,828480746;0,685801591
07614;0,667354397;0,390641478
07615;0,903149569;0,822584050
07616;0,815617578;0,662238132
07617;0,883855025;0,787239243
07618;0,751818263;0,545367036
07619;0,762348732;0,564657328
07620;0,828988179;0,686731135
07621;0,897050782;0,811411957
07622;0,742006035;0,527392456
07623;0,784149076;0,604592398
07624;0,820865862;0,671852228
07625;0,885628231;0,790487499
07626;0,856223996;0,736623203
07627;0,900622542;0,817954903
07628;0,903325579;0,822906475
07701;0,8639257;0,750731609
07702;0,875607584;0,772131127
07704;0,790307213;0,615873213
07706;0,86145932;0,746213558
07716;0,799055764;0,631899290
07708;0,719874804;0,486851250
07715;0,707189441;0,463613504
07714;0,779279279;0,595671636
07720;0,793300654;0,621356763
07717;0,881251086;0,782469204
07721;0,881415487;0,782770363
07703;0,81144971;0,654603202
07709;0,819434379;0,669229958
07711;0,88658238;0,792235362
07712;0,843176803;0,712722637
07723;0,786588185;0,609060492
07724;0,74669181;0,535976117
07725;0,681643299;0,416816675
07722;0,740108611;0,523916651
07727;0,877984856;0,776485944
07728;0,772932885;0,584045962
07106;0,75634058;0,553651265
07103;0,770616063;0,579801880
07102;0,699056915;0,448715895
07110;0,776985704;0,591470139
07111;0,715132186;0,478163461
07105;0,793566561;0,621843866
07117;0,753165125;0,547834292
07115;0,780153978;0,597273958
07120;0,81663837;0,664108075
07124;0,871043866;0,763771057
07131;0,864535769;0,751849167
07121;0,806815121;0,646113307
07130;0,873552983;0,768367395
07201;0,877786448;0,776122490
07203;0,911165444;0,837267971
07212;0,865179247;0,753027925
07211;0,830758407;0,689973936
07219;0,825564809;0,680460017
07221;0,763481451;0,566732305
07223;0,792915531;0,620651273
07230;0,861370766;0,746051340
07225;0,843630786;0,713554268
07228;0,783237544;0,602922604
07306;0,849958089;0,725144970
07307;0,908888889;0,833097653
07309;0,900324149;0,817408291
07310;0,888;0,794832236
07317;0,865368332;0,753374301
07318;0,879935963;0,780060089
07320;0,902809663;0,821961392
07324;0,77676951;0,591074103
07328;0,822617367;0,675060731
07413;0,83135825;0,691072761
07415;0,746244718;0,535157109
07421;0,864227642;0,751284723
07422;0,812793979;0,657065708
07423;0,758354756;0,557340943
07424;0,812341505;0,656236841
07426;0,814113597;0,659483057
07427;0,818032787;0,666662445
07527;0,713633038;0,475417239
07528;0,816229393;0,663358888
07507;0,707001435;0,463269104
07508;0,705306884;0,460164932
07509;0,788657599;0,612851359
07513;0,787966447;0,611585269
07512;0,768323505;0,575602246
07515;0,794045081;0,622720445
07519;0,748476936;0,539246209
07520;0,742537779;0,528366534
07521;0,800166849;0,633934636
07525;0,836640834;0,700749689
07707;0,867690716;0,757628572
07713;0,805005276;0,642797933
07705;0,810099998;0,652130725
07710;0,781854368;0,600388826
07718;0,884991625;0,789321329
07719;0,849735983;0,724738104
07726;0,832309016;0,692814427
07408;0,728442405;0,502545853
07514;0,719452267;0,486077223
07108;0,843848631;0,713953329
07109;0,868377554;0,758886760
07112;0,765880218;0,571126499
07114;0,848868778;0,723149510
07116;0,873693604;0,768624993
07122;0,866912709;0,756203376
07123;0,891504018;0,801251089
07126;0,828050513;0,685013467
07127;0,857993197;0,739864123
07128;0,858490566;0,740775231
07129;0,824129142;0,677830083
03100;0,820531228;0,671239227
03101;0,812111444;0,655815403
03102;0,86620394;0,754905014
03103;0,650753953;0,360231871
03104;0,704103289;0,457960120
03105;0,795292455;0,625005453
03106;0,639648777;0,339888798
03107;0,736887456;0,518015962
03108;0,720747388;0,488449697
03109;0,846884702;0,719514971
03110;0,802402321;0,638029697
03111;0,858788617;0,741321217
03112;0,802010802;0,637312491
03113;0,865116279;0,752912577
03114;0,882234172;0,784270075
03115;0,879925702;0,780041293
03116;0,809579948;0,651178069
03117;0,786293302;0,608520309
03118;0,880969875;0,781954066
03119;0,822486059;0,674820194
03120;0,865860792;0,754276417
03121;0,878938094;0,778232138
03122;0,897396631;0,812045502
03123;0,869481858;0,760909685
03124;0,900824586;0,818325019
03125;0,890585568;0,799568622
03126;0,81838668;0,667310726
03200;0,891002195;0,800331822
03201;0,850717632;0,726536343
03202;0,847321434;0,720315000
03203;0,805689293;0,644050953
03204;0,815401223;0,661841801
03205;0,838769255;0,704648648
03206;0,839972527;0,706852868
03207;0,849040867;0,723464752
03208;0,823670273;0,676989502
03209;0,819493714;0,669338651
03210;0,875989087;0,772829985
03211;0,881588448;0,783087202
03212;0,83092268;0,690274860
03213;0,880309678;0,780744681
03214;0,896253789;0,809951981
03215;0,818916141;0,668280621
03216;0,849531677;0,724363845
03217;0,863559021;0,750059906
03218;0,868869867;0,759788606
03219;0,862898289;0,748849541
03220;0,873727088;0,768686331
03221;0,876150628;0,773125904
03222;0,779264201;0,595644015
03224;0,848426988;0,722340215
03300;0,84946154;0,724235364
03301;0,864018335;0,750901302
03302;0,760191198;0,560705039
03303;0,74831901;0,538956912
03304;0,832892772;0,693883783
03305;0,873411723;0,768108628
03306;0,884898384;0,789150525
03307;0,862701252;0,748488597
03308;0,859504132;0,742631937
03309;0,836482085;0,700458884
03310;0,863023421;0,749078764
03311;0,868044515;0,758276681
03312;0,903361345;0,822971993
03313;0,872399445;0,766254281
03314;0,770616771;0,579803177
03315;0,900489396;0,817710999
03326;0,873362659;0,768018749
03317;0,886840389;0,792707997
03318;0,848583387;0,722626715
03319;0,815022623;0,661148261
03320;0,808259587;0,648759359
03321;0,828610919;0,686040049
03322;0,874188312;0,769531226
03323;0,910297571;0,835678154
03400;0,807615734;0,647579914
03401;0,741271784;0,526047415
03402;0,849177613;0,723715251
03403;0,852150744;0,729161596
03404;0,811666839;0,655000951
03405;0,757151352;0,555136482
03406;0,771839845;0,582043672
03407;0,805174597;0,643108105
03408;0,707974506;0,465051629
03409;0,85450515;0,733474527
03410;0,818218113;0,667001935
03411;0,862941993;0,748929600
03412;0,877610744;0,775800625
03413;0,871398454;0,764420611
03414;0,906062625;0,827920347
03415;0,885804399;0,790810213
03416;0,835841245;0,699284958
03417;0,784090909;0,604485845
03418;0,755451529;0,552022652
03500;0,856223649;0,736622568
03501;0,857867325;0,739633544
03502;0,868815453;0,759688927
03503;0,817375024;0,665457518
03504;0,871126761;0,763922908
03505;0,770781936;0,580105736
03506;0,867309225;0,756929736
03507;0,807668409;0,647676407
03508;0,840991977;0,708720353
03509;0,782191781;0,601006918
03510;0,836200964;0,699943911
03511;0,883509834;0,786606903
03512;0,789108947;0,613678163
03513;0,865957447;0,754453475
03514;0,765287321;0,570040397
03515;0,871137976;0,763943453
03516;0,895705521;0,808947634
03517;0,851875;0,728656473
03518;0,831865492;0,692001955
03519;0,853177502;0,731042468
03520;0,860262009;0,744020258
03600;0,855521166;0,735335721
03601;0,790377212;0,616001441
03625;0,836133007;0,699819424
03603;0,921159013;0,855574741
03604;0,874334046;0,769798190
03605;0,870042983;0,761937584
03606;0,874716981;0,770499671
03607;0,888186653;0,795174157
03627;0,872550857;0,766531646
03610;0,85572726;0,735713255
03611;0,848703157;0,722846117
03629;0,88361367;0,786797116
03613;0,908721157;0,832790392
03615;0,899267476;0,815472619
03616;0,869630689;0,761182321
03617;0,886774041;0,792586457
03618;0,894441989;0,806633026
03619;0,871413006;0,764447268
03620;0,905644736;0,827154835
03621;0,869701727;0,761312453
03622;0,872112211;0,765728110
03623;0,887359921;0,793659704
03624;0,883749537;0,787046004
03700;0,882177507;0,784166273
03701;0,829275779;0,687257976
03702;0,875893066;0,772654088
03703;0,854227405;0,732965738
03704;0,788389911;0,612360993
03705;0,84827342;0,722058901
03706;0,787816855;0,611311238
03707;0,774339335;0,586622375
03725;0,883716378;0,786985262
03723;0,837431596;0,702198251
03710;0,807006216;0,646463365
03711;0,793765951;0,622209119
03712;0,857607246;0,739157117
03713;0,895689655;0,808918569
03714;0,890034364;0,798558896
03715;0,862352763;0,747850216
03716;0,869852941;0,761589455
03717;0,864092664;0,751037462
03718;0,854030501;0,732605038
03719;0,817997669;0,666598114
03720;0,88267342;0,785074714
03721;0,852181656;0,729218222
03722;0,856213205;0,736603436
03800;0,774039918;0,586073886
03824;0,796776972;0,627724873
03803;0,904623626;0,825284309
03804;0,883920883;0,787359885
03805;0,882677846;0,785082822
03806;0,88502484;0,789382174
03807;0,909547783;0,834304651
03808;0,896826195;0,811000546
03809;0,792260572;0,619451483
03810;0,893712575;0,805296845
03811;0,900668079;0,818038320
03813;0,882943259;0,785569020
03814;0,877944297;0,776411646
03815;0,902546196;0,821478759
03816;0,872348374;0,766160726
03817;0,840874811;0,708505722
03818;0,888217523;0,795230707
03819;0,894042389;0,805901017
03820;0,877833338;0,776208385
03821;0,864077424;0,751009545
03822;0,90554472;0,826971620
03823;0,904089219;0,824305353
03900;0,858269507;0,740370283
03901;0,872932331;0,767230451
03902;0,818160656;0,666896682
03903;0,884202454;0,787875682
03904;0,874907476;0,770848630
03905;0,774203022;0,586372669
03906;0,79490874;0,624302543
03907;0,783068581;0,602613088
03908;0,741889986;0,527179872
03909;0,874751854;0,770563553
03910;0,742753824;0,528762298
03911;0,775299772;0,588381756
03928;0,659931499;0,377043805
03913;0,832103321;0,692437623
03914;0,845959596;0,717820311
03915;0,84384858;0,713953235
03916;0,889920133;0,798349641
03917;0,881261596;0,782488457
03918;0,898630137;0,814305106
03919;0,90264731;0,821663985
03920;0,737663066;0,519436767
03921;0,796896733;0,627944258
03927;0,939163957;0,888557188
03923;0,567229134;0,207226511
03924;0,865120275;0,752919897
03925;0,89530408;0,808212252
03926;0,833439207;0,694884773
03127;0,674577278;0,403872749
03225;0,810007711;0,651961669
03226;0,84140005;0,709467883
03227;0,82647641;0,682129938
03316;0,890163934;0,798796250
03324;0,826646091;0,682440769
03325;0,849578497;0,724449613
03521;0,860465116;0,744392320
03522;0,857337716;0,738663377
03523;0,824488138;0,678487712
03602;0,877747857;0,776051796
03626;0,89082979;0,800016001
03608;0,870186257;0,762200041
03609;0,885452581;0,790165734
03612;0,894838029;0,807358514
03628;0,846519289;0,718845587
03614;0,893452873;0,804821109
03630;0,864188817;0,751213601
03708;0,8519132;0,728726450
03724;0,795428756;0,625255137
03709;0,838941937;0,704964977
03726;0,827564764;0,684123645
03802;0,86937189;0,760708239
03801;0,828283148;0,685439620
03812;0,910493145;0,836036417
03825;0,889868423;0,798254916
03826;0,888432717;0,795624911
03929;0,907138369;0,829890954
03912;0,838707772;0,704536020
03922;0,891044802;0,800409872
03223;0,846905537;0,719553137
03421;0,763872961;0,567449495
03422;0,807514758;0,647394940
03420;0,798531407;0,630938744
03419;0,818482455;0,667486171
